Name,FEN,TimeElapsed(ms),Nodes,NPS,Score,BestMove,Success,Error
Starting Position,rnbqkbnr/pppppppp/8/8/8/8/PPPPPPPP/RNBQKBNR w KQkq - 0 1,951,83312,199578,0,b1c3,true,
After 1.e4,rnbqkbnr/pppppppp/8/8/4P3/8/PPPP1PPP/RNBQKBNR b KQkq e3 0 1,713,263165,369101,-10,g8f6,true,
After 1.e4 e5,rnbqkbnr/pppp1ppp/8/4p3/4P3/8/PPPP1PPP/RNBQKBNR w KQkq e6 0 2,504,200561,398018,15,g1f3,true,
After 1.d4,rnbqkbnr/pppppppp/8/8/3P4/8/PPP1PPPP/RNBQKBNR b KQkq d3 0 1,580,254129,437832,40,g8f6,true,
After 1.Nf3,rnbqkbnr/pppppppp/8/8/8/5N2/PPPPPPPP/RNBQKB1R b KQkq - 1 1,482,150253,311545,5,d7d5,true,
Sicilian Defense,rnbqkbnr/pp1ppppp/8/2p5/4P3/8/PPPP1PPP/RNBQKBNR w KQkq c6 0 2,533,120088,225112,150,g1f3,true,
French Defense,rnbqkbnr/pppp1ppp/4p3/8/4P3/8/PPPP1PPP/RNBQKBNR w KQkq - 0 2,607,135827,223785,45,g1f3,true,
Caro-Kann,rnbqkbnr/pp1ppppp/2p5/8/4P3/8/PPPP1PPP/RNBQKBNR w KQkq - 0 2,764,310301,405831,85,f1d3,true,
King's Indian,rnbqkbnr/pppppp1p/6p1/8/3P4/8/PPP1PPPP/RNBQKBNR w KQkq - 0 2,720,263829,366114,40,b1c3,true,
Queen's Gambit,rnbqkbnr/ppp1pppp/8/3p4/2PP4/8/PP2PPPP/RNBQKBNR b KQkq c3 0 2,571,239790,419520,60,e7e6,true,
English Opening,rnbqkbnr/pppp1ppp/8/4p3/2P5/8/PP1PPPPP/RNBQKBNR w KQkq e6 0 2,825,356837,432307,-50,b1c3,true,
Reti Opening,rnbqkbnr/pppppppp/8/8/8/5N2/PPPPPPPP/RNBQKB1R b KQkq - 1 1,591,257067,434970,-10,b8c6,true,
Middlegame Complex,r1bqk2r/ppp2ppp/2n2n2/2b1p3/2B1P3/3P1N2/PPP2PPP/RNBQK2R w KQkq - 4 6,811,283233,349106,175,e1g1,true,
Tactical Position,r1bqkb1r/pppp1ppp/2n2n2/4p3/2B1P3/3P1N2/PPP2PPP/RNBQK2R b KQkq - 0 4,950,184437,379952,35,f8e7,true,
Endgame King and Pawn,8/8/8/8/8/8/4K3/4P2k w - - 0 1,727,449624,617917,284,e2f3,true,
Rook Endgame,8/8/8/8/8/8/R3K3/4R2k w - - 0 1,194,2,10,2000,e2e3,true,
Queen Endgame,8/8/8/8/8/8/Q3K3/4Q2k w - - 0 1,2,2,760,2000,e2e3,true,
Knight Endgame,8/8/8/8/8/8/N3K3/4N2k w - - 0 1,677,392285,585943,772,a2c3,true,
Bishop Endgame,8/8/8/8/8/8/B3K3/4B2k w - - 0 1,950,174734,800179,2000,e2f3,true,
Pawn Endgame,8/8/8/8/8/8/4K1P1/5k2 w - - 0 1,950,190329,457120,211,e2f3,true,
Heavy Pieces,r3k2r/ppp2ppp/2n2n2/2b1p3/2B1P3/3P1N2/PPP2PPP/R3K2R w KQkq - 4 6,632,298826,472407,-145,c4b5,true,
Development Test,rnbqkb1r/pppp1ppp/5n2/4p3/2P5/2N3P1/PP1PPP1P/R1BQKBNR b KQkq - 0 3,728,277946,381575,130,f8d6,true,
Castling Test,r3k2r/pppppppp/8/8/8/8/PPPPPPPP/R3K2R w KQkq - 0 1,589,279961,474732,5,e2e4,true,
Promotion Test,8/8/8/8/8/8/4k1P1/5K2 w - - 0 1,787,544868,691687,150,f1g1,true,
